SSver,display,suffix,maxn,trial,d1obj1,d1obj2,d1obj3,d1obj4,d1obj5,d1obj6,d2obj1,d2obj2,d2obj3,d2obj4,d2obj5,d2obj6,cue,tarLoc,change,blanks,proc1,proc2
v01NO1,mainIntro,,,,,,,,,,,,,,,,,,,,a0INTNO.jpg,a0SCRNO.jpg
v01NO1,main,.jpg,96,1,10049816.thl,8079958.thl,AEMERGLI4,ASTAMPS,Aconnector2,Atool62,change,d1obj2,d1obj3,blanks,blanks,blanks,0,1,AWALKER11,blank,,
v01NO1,main,.jpg,96,2,10053213.thm,8080484.thl,AFAN20,ASTAR,Acoral7,Atoothbrush3,d1obj1,change,d1obj3,blanks,blanks,blanks,0,2,10050075.thl,blank,,
v01NO1,main,.jpg,96,3,22806086.thl,8081398.thl,AFBLADE,ASTEPPER,Acprmask2,Atoy21,d1obj1,d1obj2,change,blanks,blanks,blanks,0,3,26432109.thl,blank,,
v01NO1,main,.jpg,96,4,22822309.thl,8245563.thl,AFEATHE36,ASTONHOU2,Acrabwalking,Atoy33,blanks,blanks,blanks,change,d1obj5,d1obj6,0,4,ABABYPIN2,blank,,
v01NO1,main,.jpg,96,5,22824636.thl,8245818.thl,AFENCIN50,ASTOOL,Acreamer35,Atoy63,blanks,blanks,blanks,d1obj4,change,d1obj6,0,5,26421575.thl,blank,,
v01NO1,main,.jpg,96,6,22824840.thl,8248852.thl,AFERRY5,ASTRAINE8,Acucumber2,Atoyairplane2,blanks,blanks,blanks,d1obj4,d1obj5,change,0,6,AANTFRYI2,blank,,
v01NO1,main,.jpg,96,7,22825932.thl,8250565.thl,AFETTUCI2,ASTREESW2,Adayplanner,Atoyball,change,d1obj2,d1obj3,blanks,blanks,blanks,0,1,ALAMP,blank,,
v01NO1,main,.jpg,96,8,22826448.thl,8252024.thl,AFILM,ASUITCA17,Adecorati133,Atoyboat10,d1obj1,change,d1obj3,blanks,blanks,blanks,0,2,Acork6,blank,,
v01NO1,main,.jpg,96,9,22826748.thl,8255030.thl,AFIREPUTE,ASUNBOX5,Adecorativem2,Atoydonkey,d1obj1,d1obj2,change,blanks,blanks,blanks,0,3,ABROKUMBR,blank,,
v01NO1,main,.jpg,96,10,22848828.thl,8256618.thl,AFISH20,ASUSHI8,Adiamondring3,Atoyfurnitu14,blanks,blanks,blanks,change,d1obj5,d1obj6,0,4,AAIRBALL2,blank,,
v01NO1,main,.jpg,96,11,22853544.thl,8257273.thl,AFISHNET3,ASUSHI9,Adigitalcamer,Atoyhomeoffi4,blanks,blanks,blanks,d1obj4,change,d1obj6,0,5,Aspoolofthre6,blank,,
v01NO1,main,.jpg,96,12,22854108.thl,8257947.thl,AFLAMEXTI,ASWITCH6,Adill,Atoyhorse2,blanks,blanks,blanks,d1obj4,d1obj5,change,0,6,Atombstone17,blank,,
v01NO1,main,.jpg,96,13,22855236.thl,8258279.thl,AFLAMMABL,ATALSTAN3,Adinningroomt,Atoyservices2,change,d1obj2,d1obj3,blanks,blanks,blanks,0,1,26432217.thl,blank,,
v01NO1,main,.jpg,96,14,22856988.thl,9815480.thl,AFLOURSCO,ATEALANT8,Adiscoball2,Atoyslide,d1obj1,change,d1obj3,blanks,blanks,blanks,0,2,APUMPKI35,blank,,
v01NO1,main,.jpg,96,15,22857084.thl,A1991CHE7,AFOODBLEN,ATEETH7,Adolphin3,Atoyworm,d1obj1,d1obj2,change,blanks,blanks,blanks,0,3,garlic,blank,,
v01NO1,main,.jpg,96,16,22857516.thl,A3bday5,AFOODTAB2,ATELESCO2,Adrinkinggl21,Atray22,blanks,blanks,blanks,change,d1obj5,d1obj6,0,4,AORGAN,blank,,
v01NO1,main,.jpg,96,17,22859028.thl,A3leafcl4,AFOOTST11,ATICKETBO,Adropper2,Atray26,blanks,blanks,blanks,d1obj4,change,d1obj6,0,5,AGRAINSI5,blank,,
v01NO1,main,.jpg,96,18,22861656.thl,A4DOMINO,AFOUNTAI5,ATIE16,Adryflo15,Atrowel42,blanks,blanks,blanks,d1obj4,d1obj5,change,0,6,AREDBOX15,blank,,
v01NO1,main,.jpg,96,19,22876872.thl,A56THUND4,AFRAME15,ATINSTRAP,Adustpanbrus4,Atrumpetwith2,change,d1obj2,d1obj3,blanks,blanks,blanks,0,1,26375641.thl,blank,,
v01NO1,main,.jpg,96,20,22886412.thl,A70ssunglass3,AFRENCHF2,ATOASTE22,Adustpanbrush,Aturban,d1obj1,change,d1obj3,blanks,blanks,blanks,0,2,AFILEFOL4,blank,,
v01NO1,main,.jpg,96,21,22887144.thl,A95CHEROK,AFRUIT3,ATOASTOV2,Aeasteregg14,Aturtle35,d1obj1,d1obj2,change,blanks,blanks,blanks,0,3,26437080.thl,blank,,
v01NO1,main,.jpg,96,22,22896812.thl,AACORN2,AFRYPAN7,ATOILROL2,Aeggcup224,Avacuum20,blanks,blanks,blanks,change,d1obj5,d1obj6,0,4,8079080.thl,blank,,
v01NO1,main,.jpg,96,23,22903148.thl,AAEROBENC,AFUNNEL4,ATOLLNEGS,Aegyptianst20,Avicegriptool,blanks,blanks,blanks,d1obj4,change,d1obj6,0,5,AARMCHA25,blank,,
v01NO1,main,.jpg,96,24,22907432.thl,AAFRICI10,AGAME,ATOMATOSA,Aeiffeltower2,Avideocamera2,blanks,blanks,blanks,d1obj4,d1obj5,change,0,6,8254014.thl,blank,,
v01NO1,main,.jpg,96,25,22908308.thl,AAFRICI13,AGARBCAN,ATOOHOLDE,Aelectricgri3,Awaxlips,change,d1obj2,d1obj3,blanks,blanks,blanks,0,1,ABUSTFOR7,blank,,
v01NO1,main,.jpg,96,26,22910936.thl,AAFRICIN2,AGARBIN,ATOQUE4,Aelectronicg9,Awheelchair6,d1obj1,change,d1obj3,blanks,blanks,blanks,0,2,26377133.thl,blank,,
v01NO1,main,.jpg,96,27,22911500.thl,AAIRGAUGE,AGARDHOSE,ATOWELRA3,Aembossedsta2,Awickerchair8,d1obj1,d1obj2,change,blanks,blanks,blanks,0,3,APANTRAC2,blank,,
v01NO1,main,.jpg,96,28,22919000.thl,AAIRPUMP2,AGERMANH4,ATOWER3,Aenvelope2,Awindmill4,blanks,blanks,blanks,change,d1obj5,d1obj6,0,4,pinecone02,blank,,
v01NO1,main,.jpg,96,29,22923440.thl,AALARMSY5,AGIFTBOX8,ATOWRACK3,Aextensionco8,Awindow19,blanks,blanks,blanks,d1obj4,change,d1obj6,0,5,for28524,blank,,
v01NO1,main,.jpg,96,30,22923524.thl,AALARMSY6,AGLASSBA4,ATOYTREE,Afan49,Awindtoy5,blanks,blanks,blanks,d1obj4,d1obj5,change,0,6,AAGATE,blank,,
v01NO1,main,.jpg,96,31,22925228.thl,AALMOND1,AGLASSBAL,ATRACINGT,Afeatherdust2,Awomansshoe3,change,d1obj2,d1obj3,blanks,blanks,blanks,0,1,8074514.thl,blank,,
v01NO1,main,.jpg,96,32,22925624.thl,AALTAR,AGLASSCAS,ATRACTBU5,Afeatherhat,Awomensshoe61,d1obj1,change,d1obj3,blanks,blanks,blanks,0,2,ANAPRINGS,blank,,
v01NO1,main,.jpg,96,33,22991767.thl,AALTIRE2,AGLASSCON,ATRACTWH6,Aflashlight3,Awoodenbarrel,d1obj1,d1obj2,change,blanks,blanks,blanks,0,3,Afaucet9,blank,,
v01NO1,main,.jpg,96,34,23007415.thl,AAMMO4,AGLASSFL4,ATRAFFIC3,Aflask19,Awoodenegg,blanks,blanks,blanks,change,d1obj5,d1obj6,0,4,AINCENSE4,blank,,
v01NO1,main,.jpg,96,35,23016235.thl,AANBABYCA,AGLOBE6,ATREEHOUS,Aflatwoodenba,Awoodenhamme8,blanks,blanks,blanks,d1obj4,change,d1obj6,0,5,battery,blank,,
v01NO1,main,.jpg,96,36,23019499.thl,AANGLE,AGOLDCUP6,ATRIUMPH3,Aflower103,Axmastre5,blanks,blanks,blanks,d1obj4,d1obj5,change,0,6,AMAILBOX9,blank,,
v01NO1,main,.jpg,96,37,23024623.thl,AANGLEME2,AGOLFIRON,ATROPHY21,Aflower104,Azucchini9,change,d1obj2,d1obj3,blanks,blanks,blanks,0,1,ANAPKIN4,blank,,
v01NO1,main,.jpg,96,38,23029830.thl,AANKEY7,AGONG12,ATROWEL2,Aflower136,B_brush,d1obj1,change,d1obj3,blanks,blanks,blanks,0,2,wok,blank,,
v01NO1,main,.jpg,96,39,23041782.thl,AANSHIEL4,AGOUDA,ATRUNK15,Aflowerpot15,B_makeupbag,d1obj1,d1obj2,change,blanks,blanks,blanks,0,3,ARECORDC2,blank,,
v01NO1,main,.jpg,96,40,23048010.thl,AANTCABL2,AGRENADIN,ATUNFORK2,Aflowerpot9,B_orange,blanks,blanks,blanks,change,d1obj5,d1obj6,0,4,26439074.thl,blank,,
v01NO1,main,.jpg,96,41,23057742.thl,AANTCASH3,AGRILL1,ATURKEY11,Aflowerwreat2,Brusselssprouts,blanks,blanks,blanks,d1obj4,change,d1obj6,0,5,26384871.thl,blank,,
v01NO1,main,.jpg,96,42,23063814.thl,AANTHAT2,AGRILL3,AVACUUM4,Aframe196,Chevypickup,blanks,blanks,blanks,d1obj4,d1obj5,change,0,6,AHCONGADR,blank,,
v01NO1,main,.jpg,96,43,23065398.thl,AANTICAN2,AGUIRA,AWALKMAN2,Aframedpainti,DSCN1248-sm,change,d1obj2,d1obj3,blanks,blanks,blanks,0,1,Abells7,blank,,
v01NO1,main,.jpg,96,44,23070064.thl,AANTIQTHE,AHANDLE5,AWALKTA25,Afruitcake,DSCN6303-sm,d1obj1,change,d1obj3,blanks,blanks,blanks,0,2,8054039.thl,blank,,
v01NO1,main,.jpg,96,45,23070748.thl,AANTJUG,AHANDPRE3,AWALNUT3,Afunnel17,D_dumpster,d1obj1,d1obj2,change,blanks,blanks,blanks,0,3,8029703.thl,blank,,
v01NO1,main,.jpg,96,46,23077768.thl,AANTSTO12,AHARMONS2,AWASHMAC5,Agarbagebag,D_exercisebike,blanks,blanks,blanks,change,d1obj5,d1obj6,0,4,22856784.thl,blank,,
v01NO1,main,.jpg,96,47,26282587.thl,AANTSTOV6,AHARP,AWASHOPEN,Agarbagebin,D_podium,blanks,blanks,blanks,d1obj4,change,d1obj6,0,5,Acautionroads,blank,,
v01NO1,main,.jpg,96,48,26369923.thl,AANTTRUCK,AHARPSIC5,AWATEHOSE,Agardeninghos,E_tank,blanks,blanks,blanks,d1obj4,d1obj5,change,0,6,26426417.thl,blank,,
v01NO1,main,_scram.jpg,96,1,26369999.thl,AAPPCOVE2,AHAZELNU3,AWATERCO4,Agardeningpai,Hammock,change,d1obj2,d1obj3,blanks,blanks,blanks,0,1,ADOGTOY5,blank,,
v01NO1,main,_scram.jpg,96,2,26370027.thl,AARCH,AHEADLIG9,AWATERJU3,Agardeningrak,M15589,d1obj1,change,d1obj3,blanks,blanks,blanks,0,2,Ashark7,blank,,
v01NO1,main,_scram.jpg,96,3,26370318.thl,AARMHEL12,AHEARTSPO,AWEIGHTS3,Agardeningshe,ShoeHorn,d1obj1,d1obj2,change,blanks,blanks,blanks,0,3,8059226.thl,blank,,
v01NO1,main,_scram.jpg,96,4,26370445.thl,AARROWS2,AHEATDUCT,AWHISBARR,Agardeningsho,TTtvehiclesCyborg,blanks,blanks,blanks,change,d1obj5,d1obj6,0,4,gascontainer,blank,,
v01NO1,main,_scram.jpg,96,5,26372237.thl,AARTICHO1,AHIBACHI,AWIG10,Agasblower2,XPGame,blanks,blanks,blanks,d1obj4,change,d1obj6,0,5,Ablossom,blank,,
v01NO1,main,_scram.jpg,96,6,26372465.thl,AARTIFLE2,AHIGCHAIR,AWINEJUG3,Aglass33,airhocckytable,blanks,blanks,blanks,d1obj4,d1obj5,change,0,6,surfboard,blank,,
v01NO1,main,_scram.jpg,96,7,26372690.thl,AARTIHAN5,AHOCKPANT,AWINTERH2,Aglass58,babyseatback,change,d1obj2,d1obj3,blanks,blanks,blanks,0,1,Adrum22,blank,,
v01NO1,main,_scram.jpg,96,8,26372785.thl,AARTIVE6,AHONEY,AWINTGLO3,Aglassbottl56,bagelA,d1obj1,change,d1obj3,blanks,blanks,blanks,0,2,ASHAVING9,blank,,
v01NO1,main,_scram.jpg,96,9,26373275.thl,AARTIVE8,AHONEYJA2,AWINTSOC2,Aglasscontai3,bait04,d1obj1,d1obj2,change,blanks,blanks,blanks,0,3,caramel,blank,,
v01NO1,main,_scram.jpg,96,10,26373735.thl,AARTMELON,AHONEYSTI,AWISHWELL,Agluegun,ball8,blanks,blanks,blanks,change,d1obj5,d1obj6,0,4,ADART3,blank,,
v01NO1,main,_scram.jpg,96,11,26374146.thl,AASCDESC,AHOOK11,AWODSPOON,Agourd8,barssport,blanks,blanks,blanks,d1obj4,change,d1obj6,0,5,8052266.thl,blank,,
v01NO1,main,_scram.jpg,96,12,26374158.thl,AASCENDER,AHOSPBED,AWOODBIN,Agraduationh2,baseball,blanks,blanks,blanks,d1obj4,d1obj5,change,0,6,Aancientston3,blank,,
v01NO1,main,_scram.jpg,96,13,26374346.thl,AASPHALT,AHOSPWAS2,AWOODENF3,Agrandpiano13,baseballbat04,change,d1obj2,d1obj3,blanks,blanks,blanks,0,1,Aceramicjug10,blank,,
v01NO1,main,_scram.jpg,96,14,26374605.thl,AATOMODEL,AHOTPAD4,AWOODPER5,Agratedchees2,basketball,d1obj1,change,d1obj3,blanks,blanks,blanks,0,2,ACOATHA44,blank,,
v01NO1,main,_scram.jpg,96,15,26374709.thl,AAXE4,AHOUSBOA3,AWOODSPAT,Agrater10,beanbagchair,d1obj1,d1obj2,change,blanks,blanks,blanks,0,3,Atripod5,blank,,
v01NO1,main,_scram.jpg,96,16,26374787.thl,ABACKHOE2,AHUBBLE,AWREATH9,Agreencup2,biscuit,blanks,blanks,blanks,change,d1obj5,d1obj6,0,4,AELECSAW,blank,,
v01NO1,main,_scram.jpg,96,17,26374803.thl,ABAGEL,AHUNTVES2,AXMASTIN3,Agreenleaf3,blackjackcasinotable,blanks,blanks,blanks,d1obj4,change,d1obj6,0,5,securitycamera,blank,,
v01NO1,main,_scram.jpg,96,18,26375896.thl,ABAGFLOU3,AHYDRANTF,A_chocolate,Agreenlighter,blueflatbox,blanks,blanks,blanks,d1obj4,d1obj5,change,0,6,Aangel37,blank,,
v01NO1,main,_scram.jpg,96,19,26376494.thl,ABAKBRUS2,AHYPBOTT,A_coin,Agreenplastic,bowlingpin,change,d1obj2,d1obj3,blanks,blanks,blanks,0,1,Adoorknocker2,blank,,
v01NO1,main,_scram.jpg,96,20,26377601.thl,ABAKECON3,AHYPONEE3,A_cookie,Aham6,bowtie,d1obj1,change,d1obj3,blanks,blanks,blanks,0,2,Abathroomcup3,blank,,
v01NO1,main,_scram.jpg,96,21,26377777.thl,ABAKINGPA,AICEAXE2,Aabacus3,Ahandba18,broccoli,d1obj1,d1obj2,change,blanks,blanks,blanks,0,3,Aredandbluef2,blank,,
v01NO1,main,_scram.jpg,96,22,26378596.thl,ABALALAI3,AINDIAMA3,Aacarthatsbe2,Ahandbag68,brownie,blanks,blanks,blanks,change,d1obj5,d1obj6,0,4,ATRICKTR2,blank,,
v01NO1,main,_scram.jpg,96,23,26378986.thl,ABALLOON5,AIVORSUIT,Aadjustablec2,Ahandheldmir3,burrito,blanks,blanks,blanks,d1obj4,change,d1obj6,0,5,mangosplitter,blank,,
v01NO1,main,_scram.jpg,96,24,26379161.thl,ABALLYAR4,AJAR15,Aadjustablech,Ahat47,candy2,blanks,blanks,blanks,d1obj4,d1obj5,change,0,6,AFRUIT2,blank,,
v01NO1,main,_scram.jpg,96,25,26379430.thl,ABAMBCHAI,AJOYSTIC1,Aaircompress2,Aheadphones2,candy3,change,d1obj2,d1obj3,blanks,blanks,blanks,0,1,Acamelsculpt2,blank,,
v01NO1,main,_scram.jpg,96,26,26379598.thl,ABANANA,AJUG3,Aairtank7,Ahighlightin2,canopy,d1obj1,change,d1obj3,blanks,blanks,blanks,0,2,Achocolateice,blank,,
v01NO1,main,_scram.jpg,96,27,26383637.thl,ABARBCHA3,AJUICER,Aalligatorsk4,Ahorn21,cd2-a,d1obj1,d1obj2,change,blanks,blanks,blanks,0,3,26437028.thl,blank,,
v01NO1,main,_scram.jpg,96,28,26384554.thl,ABAROMET2,AKNEEBRA2,Aallterrain10,Ahotwaterbot2,celery,blanks,blanks,blanks,change,d1obj5,d1obj6,0,4,Askirt2,blank,,
v01NO1,main,_scram.jpg,96,29,26387690.thl,ABARPEAR,AKNEEHAMR,Aalmond4,Ahourglass4,changepurse03,blanks,blanks,blanks,d1obj4,change,d1obj6,0,5,23076640.thl,blank,,
v01NO1,main,_scram.jpg,96,30,26390189.thl,ABARREL3,AKNIFE13,Aammonitefo14,Ahumidifier,cheeseN,blanks,blanks,blanks,d1obj4,d1obj5,change,0,6,AGLASSTRO,blank,,
v01NO1,main,_scram.jpg,96,31,26390290.thl,ABASGUITA,AKNIGHELM,Aantiquebuck2,Aim4ribbo,chocolatebar,change,d1obj2,d1obj3,blanks,blanks,blanks,0,1,26384863.thl,blank,,
v01NO1,main,_scram.jpg,96,32,26390325.thl,ABASTER2,ALAB2,Aantiquehat4,Ainflatable10,chocolatebar1,d1obj1,change,d1obj3,blanks,blanks,blanks,0,2,ABLUBLOTT,blank,,
v01NO1,main,_scram.jpg,96,33,26391173.thl,ABATHTUB3,ALACES4,Aantiquejuke2,Airon131,chocolatecake2,d1obj1,d1obj2,change,blanks,blanks,blanks,0,3,Aspokesfaste2,blank,,
v01NO1,main,_scram.jpg,96,34,26391514.thl,ABEARIN12,ALADLE5,Aantiquerota7,Ajar33,cigarette03,blanks,blanks,blanks,change,d1obj5,d1obj6,0,4,Ascarf7,blank,,
v01NO1,main,_scram.jpg,96,35,26392231.thl,ABEDROOM8,ALAMP45,Aantiquesofa4,Ajoystick10,cinnamonroll,blanks,blanks,blanks,d1obj4,change,d1obj6,0,5,AICEUBETR,blank,,
v01NO1,main,_scram.jpg,96,36,26392651.thl,ABEERBOT5,ALARGECA2,Aantiquevege3,Ajug158,clawhairclips,blanks,blanks,blanks,d1obj4,d1obj5,change,0,6,Asaxophone,blank,,
v01NO1,main,_scram.jpg,96,37,26393373.thl,ABELL2,ALAUNHAMP,Aantiquewate3,Ajuicer27,clothpiece,change,d1obj2,d1obj3,blanks,blanks,blanks,0,1,BattleStar,blank,,
v01NO1,main,_scram.jpg,96,38,26394018.thl,ABELL7,ALAZQUART,Aapple14,Akazoo2,coffeemakerN,d1obj1,change,d1obj3,blanks,blanks,blanks,0,2,APARKBENC,blank,,
v01NO1,main,_scram.jpg,96,39,26418207.thl,ABELT3,ALEGCAST3,Aappleonsca14,Akeg6,containerO,d1obj1,d1obj2,change,blanks,blanks,blanks,0,3,26426575.thl,blank,,
v01NO1,main,_scram.jpg,96,40,26418799.thl,ABIRDCAG2,ALEI8,Aasianbuildin,Akeyboard3,corkscrew02,blanks,blanks,blanks,change,d1obj5,d1obj6,0,4,Ahandbag50,blank,,
v01NO1,main,_scram.jpg,96,41,26419025.thl,ABIRDHOU9,ALIGHTHO5,Aavocado7,Akiddcup2,cowboywagon,blanks,blanks,blanks,d1obj4,change,d1obj6,0,5,10052787.thm,blank,,
v01NO1,main,_scram.jpg,96,42,26419054.thl,ABLACKB14,ALITERBOX,Ababmonit,Akitchensinka,darkwador,blanks,blanks,blanks,d1obj4,d1obj5,change,0,6,QD-HEad,blank,,
v01NO1,main,_scram.jpg,96,43,26419231.thl,ABLACSUI3,ALITTERB2,Ababycup2,Akiwifruit6,dftslpi,change,d1obj2,d1obj3,blanks,blanks,blanks,0,1,cannoli,blank,,
v01NO1,main,_scram.jpg,96,44,26419670.thl,ABLAKBEN2,ALOAFBR4,Ababytableand,Aknife76,donut2,d1obj1,change,d1obj3,blanks,blanks,blanks,0,2,10050122.thm,blank,,
v01NO1,main,_scram.jpg,96,45,26419689.thl,ABLAKPOT3,ALOG7,Abackpack11,Aknife92,dresserN,d1obj1,d1obj2,change,blanks,blanks,blanks,0,3,Atoybucketan4,blank,,
v01NO1,main,_scram.jpg,96,46,26420069.thl,ABLLIGHTB,ALOOFA,Abananasundae,Alanter59,eggplant,blanks,blanks,blanks,change,d1obj5,d1obj6,0,4,22887480.thl,blank,,
v01NO1,main,_scram.jpg,96,47,26420724.thl,ABLUCAND5,ALOVSEA10,Abandage3,Alatch7,et060,blanks,blanks,blanks,d1obj4,change,d1obj6,0,5,ACEDAR,blank,,
v01NO1,main,_scram.jpg,96,48,26420893.thl,ABOAT16,ALUNCHBO3,Abandleaders2,Alaundrybask2,euthsda,blanks,blanks,blanks,d1obj4,d1obj5,change,0,6,ASEWING,blank,,
v01NO1,mainBye